"","code","area","iso3c","region","EU27","continent"
"1",1,"Armenia","ARM","Former USSR",FALSE,"ASI"
"2",2,"Afghanistan","AFG","South Asia",FALSE,"ASI"
"3",3,"Albania","ALB","Eastern Europe",FALSE,"EUR"
"4",4,"Algeria","DZA","Northern Africa",FALSE,"AFR"
"5",7,"Angola","AGO","Southern Africa",FALSE,"AFR"
"6",8,"Antigua and Barbuda","ATG","Central America",FALSE,"LAM"
"7",9,"Argentina","ARG","South America",FALSE,"LAM"
"8",10,"Australia","AUS","Oceania",FALSE,"OCE"
"9",11,"Austria","AUT","OECD Europe",TRUE,"EU"
"10",12,"Bahamas","BHS","Central America",FALSE,"LAM"
"11",13,"Bahrain","BHR","Middle East",FALSE,"ASI"
"12",14,"Barbados","BRB","Central America",FALSE,"LAM"
"13",15,"Belgium-Luxembourg","BLX","OECD Europe",TRUE,"EU"
"14",16,"Bangladesh","BGD","South Asia",FALSE,"ASI"
"15",19,"Bolivia (Plurinational State of)","BOL","South America",FALSE,"LAM"
"16",20,"Botswana","BWA","Southern Africa",FALSE,"AFR"
"17",21,"Brazil","BRA","South America",FALSE,"LAM"
"18",23,"Belize","BLZ","Central America",FALSE,"LAM"
"19",25,"Solomon Islands","SLB","Oceania",FALSE,"OCE"
"20",26,"Brunei Darussalam","BRN","South East Asia",FALSE,"ASI"
"21",27,"Bulgaria","BGR","Eastern Europe",TRUE,"EU"
"22",28,"Myanmar","MMR","South East Asia",FALSE,"ASI"
"23",29,"Burundi","BDI","Eastern Africa",FALSE,"AFR"
"24",32,"Cameroon","CMR","Western Africa",FALSE,"AFR"
"25",33,"Canada","CAN","Canada",FALSE,"NAM"
"26",35,"Cabo Verde","CPV","Western Africa",FALSE,"AFR"
"27",37,"Central African Republic","CAF","Western Africa",FALSE,"AFR"
"28",38,"Sri Lanka","LKA","South Asia",FALSE,"ASI"
"29",39,"Chad","TCD","Western Africa",FALSE,"AFR"
"30",40,"Chile","CHL","South America",FALSE,"LAM"
"31",41,"China, mainland","CHN","East Asia",FALSE,"ASI"
"32",44,"Colombia","COL","South America",FALSE,"LAM"
"33",46,"Congo","COG","Western Africa",FALSE,"AFR"
"34",48,"Costa Rica","CRI","Central America",FALSE,"LAM"
"35",49,"Cuba","CUB","Central America",FALSE,"LAM"
"36",50,"Cyprus","CYP","Middle East",TRUE,"EU"
"37",51,"Czechoslovakia","CSK","OECD Europe",FALSE,"EU"
"38",52,"Azerbaijan","AZE","Former USSR",FALSE,"ASI"
"39",53,"Benin","BEN","Western Africa",FALSE,"AFR"
"40",54,"Denmark","DNK","OECD Europe",TRUE,"EU"
"41",55,"Dominica","DMA","Central America",FALSE,"LAM"
"42",56,"Dominican Republic","DOM","Central America",FALSE,"LAM"
"43",57,"Belarus","BLR","Former USSR",FALSE,"EUR"
"44",58,"Ecuador","ECU","South America",FALSE,"LAM"
"45",59,"Egypt","EGY","Northern Africa",FALSE,"AFR"
"46",60,"El Salvador","SLV","Central America",FALSE,"LAM"
"47",63,"Estonia","EST","Former USSR",TRUE,"EU"
"48",66,"Fiji","FJI","Oceania",FALSE,"OCE"
"49",67,"Finland","FIN","OECD Europe",TRUE,"EU"
"50",68,"France","FRA","OECD Europe",TRUE,"EU"
"51",70,"French Polynesia","PYF","Oceania",FALSE,"OCE"
"52",72,"Djibouti","DJI","Eastern Africa",FALSE,"AFR"
"53",73,"Georgia","GEO","Former USSR",FALSE,"ASI"
"54",74,"Gabon","GAB","Western Africa",FALSE,"AFR"
"55",75,"Gambia","GMB","Western Africa",FALSE,"AFR"
"56",79,"Germany","DEU","OECD Europe",TRUE,"EU"
"57",80,"Bosnia and Herzegovina","BIH","Eastern Europe",FALSE,"EUR"
"58",81,"Ghana","GHA","Western Africa",FALSE,"AFR"
"59",83,"Kiribati","KIR","Oceania",FALSE,"OCE"
"60",84,"Greece","GRC","OECD Europe",TRUE,"EU"
"61",86,"Grenada","GRD","Central America",FALSE,"LAM"
"62",89,"Guatemala","GTM","Central America",FALSE,"LAM"
"63",90,"Guinea","GIN","Western Africa",FALSE,"AFR"
"64",91,"Guyana","GUY","South America",FALSE,"LAM"
"65",93,"Haiti","HTI","Central America",FALSE,"LAM"
"66",95,"Honduras","HND","Central America",FALSE,"LAM"
"67",96,"China, Hong Kong SAR","HKG","East Asia",FALSE,"ASI"
"68",97,"Hungary","HUN","Eastern Europe",TRUE,"EU"
"69",98,"Croatia","HRV","Eastern Europe",TRUE,"EU"
"70",99,"Iceland","ISL","OECD Europe",FALSE,"EUR"
"71",100,"India","IND","South Asia",FALSE,"ASI"
"72",101,"Indonesia","IDN","South East Asia",FALSE,"ASI"
"73",102,"Iran (Islamic Republic of)","IRN","Middle East",FALSE,"ASI"
"74",103,"Iraq","IRQ","Middle East",FALSE,"ASI"
"75",104,"Ireland","IRL","OECD Europe",TRUE,"EU"
"76",105,"Israel","ISR","Middle East",FALSE,"ASI"
"77",106,"Italy","ITA","OECD Europe",TRUE,"EU"
"78",107,"CÃ´te d'Ivoire","CIV","Western Africa",FALSE,"AFR"
"79",108,"Kazakhstan","KAZ","Former USSR",FALSE,"ASI"
"80",109,"Jamaica","JAM","Central America",FALSE,"LAM"
"81",110,"Japan","JPN","Japan",FALSE,"ASI"
"82",112,"Jordan","JOR","Middle East",FALSE,"ASI"
"83",113,"Kyrgyzstan","KGZ","Former USSR",FALSE,"ASI"
"84",114,"Kenya","KEN","Eastern Africa",FALSE,"AFR"
"85",115,"Cambodia","KHM","South East Asia",FALSE,"ASI"
"86",116,"Democratic People's Republic of Korea","PRK","East Asia",FALSE,"ASI"
"87",117,"Republic of Korea","KOR","East Asia",FALSE,"ASI"
"88",118,"Kuwait","KWT","Middle East",FALSE,"ASI"
"89",119,"Latvia","LVA","Former USSR",TRUE,"EU"
"90",120,"Lao People's Democratic Republic","LAO","South East Asia",FALSE,"ASI"
"91",121,"Lebanon","LBN","Middle East",FALSE,"ASI"
"92",122,"Lesotho","LSO","Southern Africa",FALSE,"AFR"
"93",123,"Liberia","LBR","Western Africa",FALSE,"AFR"
"94",124,"Libya","LBY","Northern Africa",FALSE,"AFR"
"95",126,"Lithuania","LTU","Former USSR",TRUE,"EU"
"96",128,"China, Macao SAR","MAC","East Asia",FALSE,"ASI"
"97",129,"Madagascar","MDG","Eastern Africa",FALSE,"AFR"
"98",130,"Malawi","MWI","Southern Africa",FALSE,"AFR"
"99",131,"Malaysia","MYS","South East Asia",FALSE,"ASI"
"100",132,"Maldives","MDV","South Asia",FALSE,"ASI"
"101",133,"Mali","MLI","Western Africa",FALSE,"AFR"
"102",134,"Malta","MLT","OECD Europe",TRUE,"EU"
"103",136,"Mauritania","MRT","Western Africa",FALSE,"AFR"
"104",137,"Mauritius","MUS","Eastern Africa",FALSE,"AFR"
"105",138,"Mexico","MEX","Central America",FALSE,"LAM"
"106",141,"Mongolia","MNG","East Asia",FALSE,"ASI"
"107",143,"Morocco","MAR","Northern Africa",FALSE,"AFR"
"108",144,"Mozambique","MOZ","Southern Africa",FALSE,"AFR"
"109",146,"Republic of Moldova","MDA","Former USSR",FALSE,"EUR"
"110",147,"Namibia","NAM","Southern Africa",FALSE,"AFR"
"111",149,"Nepal","NPL","South Asia",FALSE,"ASI"
"112",150,"Netherlands","NLD","OECD Europe",TRUE,"EU"
"113",151,"Netherlands Antilles","ANT","Central America",FALSE,"LAM"
"114",153,"New Caledonia","NCL","Oceania",FALSE,"OCE"
"115",154,"North Macedonia","MKD","Eastern Europe",FALSE,"EUR"
"116",155,"Vanuatu","VUT","Oceania",FALSE,"OCE"
"117",156,"New Zealand","NZL","Oceania",FALSE,"OCE"
"118",157,"Nicaragua","NIC","Central America",FALSE,"LAM"
"119",158,"Niger","NER","Western Africa",FALSE,"AFR"
"120",159,"Nigeria","NGA","Western Africa",FALSE,"AFR"
"121",162,"Norway","NOR","OECD Europe",FALSE,"EUR"
"122",165,"Pakistan","PAK","South Asia",FALSE,"ASI"
"123",166,"Panama","PAN","Central America",FALSE,"LAM"
"124",167,"Czech Republic","CZE","Eastern Europe",TRUE,"EU"
"125",168,"Papua New Guinea","PNG","Oceania",FALSE,"OCE"
"126",169,"Paraguay","PRY","South America",FALSE,"LAM"
"127",170,"Peru","PER","South America",FALSE,"LAM"
"128",171,"Philippines","PHL","South East Asia",FALSE,"ASI"
"129",173,"Poland","POL","Eastern Europe",TRUE,"EU"
"130",174,"Portugal","PRT","OECD Europe",TRUE,"EU"
"131",175,"Guinea-Bissau","GNB","Western Africa",FALSE,"AFR"
"132",176,"Timor-Leste","TLS","South East Asia",FALSE,"ASI"
"133",177,"Puerto Rico","PRI","Central America",FALSE,"LAM"
"134",178,"Eritrea","ERI","Eastern Africa",FALSE,"AFR"
"135",179,"Qatar","QAT","Middle East",FALSE,"ASI"
"136",181,"Zimbabwe","ZWE","Southern Africa",FALSE,"AFR"
"137",183,"Romania","ROU","Eastern Europe",TRUE,"EU"
"138",184,"Rwanda","RWA","Eastern Africa",FALSE,"AFR"
"139",185,"Russian Federation","RUS","Former USSR",FALSE,"ASI"
"140",186,"Serbia and Montenegro","SCG","OECD Europe",FALSE,"EUR"
"141",188,"Saint Kitts and Nevis","KNA","Central America",FALSE,"LAM"
"142",189,"Saint Lucia","LCA","Central America",FALSE,"LAM"
"143",191,"Saint Vincent and the Grenadines","VCT","Central America",FALSE,"LAM"
"144",193,"Sao Tome and Principe","STP","Western Africa",FALSE,"AFR"
"145",194,"Saudi Arabia","SAU","Middle East",FALSE,"ASI"
"146",195,"Senegal","SEN","Western Africa",FALSE,"AFR"
"147",197,"Sierra Leone","SLE","Western Africa",FALSE,"AFR"
"148",198,"Slovenia","SVN","Eastern Europe",TRUE,"EU"
"149",199,"Slovakia","SVK","Eastern Europe",TRUE,"EU"
"150",200,"Singapore","SGP","South East Asia",FALSE,"ASI"
"151",201,"Somalia","SOM","Eastern Africa",FALSE,"AFR"
"152",202,"South Africa","ZAF","Southern Africa",FALSE,"AFR"
"153",203,"Spain","ESP","OECD Europe",TRUE,"EU"
"154",207,"Suriname","SUR","South America",FALSE,"LAM"
"155",208,"Tajikistan","TJK","Former USSR",FALSE,"ASI"
"156",209,"Eswatini","SWZ","Southern Africa",FALSE,"AFR"
"157",210,"Sweden","SWE","OECD Europe",TRUE,"EU"
"158",211,"Switzerland","CHE","OECD Europe",FALSE,"EUR"
"159",212,"Syrian Arab Republic","SYR","Middle East",FALSE,"ASI"
"160",213,"Turkmenistan","TKM","Former USSR",FALSE,"ASI"
"161",214,"China, Taiwan Province of","TWN","East Asia",FALSE,"ASI"
"162",215,"United Republic of Tanzania","TZA","Southern Africa",FALSE,"AFR"
"163",216,"Thailand","THA","South East Asia",FALSE,"ASI"
"164",217,"Togo","TGO","Western Africa",FALSE,"AFR"
"165",220,"Trinidad and Tobago","TTO","Central America",FALSE,"LAM"
"166",221,"Oman","OMN","Middle East",FALSE,"ASI"
"167",222,"Tunisia","TUN","Northern Africa",FALSE,"AFR"
"168",223,"Turkey","TUR","Middle East",FALSE,"EUR"
"169",225,"United Arab Emirates","ARE","Middle East",FALSE,"ASI"
"170",226,"Uganda","UGA","Eastern Africa",FALSE,"AFR"
"171",228,"USSR","SUN","Former USSR",FALSE,"ASI"
"172",229,"United Kingdom","GBR","OECD Europe",FALSE,"EU"
"173",230,"Ukraine","UKR","Former USSR",FALSE,"EUR"
"174",231,"United States of America","USA","USA",FALSE,"NAM"
"175",233,"Burkina Faso","BFA","Western Africa",FALSE,"AFR"
"176",234,"Uruguay","URY","South America",FALSE,"LAM"
"177",235,"Uzbekistan","UZB","Former USSR",FALSE,"ASI"
"178",236,"Venezuela (Bolivarian Republic of)","VEN","South America",FALSE,"LAM"
"179",237,"Viet Nam","VNM","South East Asia",FALSE,"ASI"
"180",238,"Ethiopia","ETH","Eastern Africa",FALSE,"AFR"
"181",244,"Samoa","WSM","Oceania",FALSE,"OCE"
"182",248,"Yugoslav SFR","YUG","Eastern Europe",FALSE,"EUR"
"183",249,"Yemen","YEM","Middle East",FALSE,"ASI"
"184",250,"Democratic Republic of the Congo","COD","Western Africa",FALSE,"AFR"
"185",251,"Zambia","ZMB","Southern Africa",FALSE,"AFR"
"186",255,"Belgium","BEL","OECD Europe",TRUE,"EU"
"187",256,"Luxembourg","LUX","OECD Europe",TRUE,"EU"
"188",272,"Serbia","SRB","OECD Europe",FALSE,"EUR"
"189",273,"Montenegro","MNE","OECD Europe",FALSE,"EUR"
"190",276,"Sudan","SDN","Eastern Africa",FALSE,"AFR"
"191",277,"South Sudan","SSD","Eastern Africa",FALSE,"AFR"
"192",999,"RoW","ROW","RoW",FALSE,"ROW"
